{"cameraMode":{"drawMode":0,"name":"Shaded","section":"Shading Mode"},"sceneLighting":true,"audioPlay":false,"sceneViewState":{"showFog":true,"showMaterialUpdate":false,"showSkybox":true,"showFlares":true,"showImageEffects":true,"showParticleSystems":true},"in2DMode":false,"pivot":{"x":74.1847915649414,"y":43.76014709472656,"z":20.820449829101564},"rotation":{"x":-0.3406485617160797,"y":0.31784504652023318,"z":-0.12357676029205322,"w":-0.8761631846427918},"size":229.25271606445313,"orthographic":false}