{"cameraMode":{"drawMode":0,"name":"Shaded","section":"Shading Mode"},"sceneLighting":true,"audioPlay":false,"sceneViewState":{"showFog":true,"showMaterialUpdate":false,"showSkybox":true,"showFlares":true,"showImageEffects":true,"showParticleSystems":true},"in2DMode":false,"pivot":{"x":-3.4660887718200685,"y":146.7619171142578,"z":-2.0045735836029054},"rotation":{"x":-0.44718050956726076,"y":-0.025235403329133989,"z":0.01262042298913002,"w":-0.8939986228942871},"size":5.137601852416992,"orthographic":false}