{"cameraMode":{"drawMode":0,"name":"Shaded","section":"Shading Mode"},"sceneLighting":true,"audioPlay":false,"sceneViewState":{"showFog":true,"showMaterialUpdate":false,"showSkybox":true,"showFlares":true,"showImageEffects":true,"showParticleSystems":true},"in2DMode":false,"pivot":{"x":34.661556243896487,"y":46.679901123046878,"z":-123.79035186767578},"rotation":{"x":-0.06544263660907746,"y":0.8260754346847534,"z":-0.5510837435722351,"w":-0.09809853881597519},"size":114.62406158447266,"orthographic":false}