{"cameraMode":{"drawMode":0,"name":"Shaded","section":"Shading Mode"},"sceneLighting":true,"audioPlay":false,"sceneViewState":{"showFog":true,"showMaterialUpdate":false,"showSkybox":true,"showFlares":true,"showImageEffects":true,"showParticleSystems":true},"in2DMode":false,"pivot":{"x":-3.1999998092651369,"y":146.350830078125,"z":-3.1309804916381838},"rotation":{"x":-0.006310202647000551,"y":-0.005718825850635767,"z":0.00003389301127754152,"w":-0.9999637603759766},"size":6.894632816314697,"orthographic":false}