{"cameraMode":{"drawMode":0,"name":"Shaded","section":"Shading Mode"},"sceneLighting":false,"audioPlay":false,"sceneViewState":{"showFog":true,"showMaterialUpdate":false,"showSkybox":true,"showFlares":true,"showImageEffects":true,"showParticleSystems":true},"in2DMode":false,"pivot":{"x":51.085662841796878,"y":77.47698974609375,"z":32.56898498535156},"rotation":{"x":-0.21596060693264008,"y":0.034259945154190066,"z":-0.0075828926637768749,"w":-0.9757713675498962},"size":96.40572357177735,"orthographic":false}