{"cameraMode":{"drawMode":0,"name":"Shaded","section":"Shading Mode"},"sceneLighting":false,"audioPlay":false,"sceneViewState":{"showFog":true,"showMaterialUpdate":false,"showSkybox":true,"showFlares":true,"showImageEffects":true,"showParticleSystems":true},"in2DMode":false,"pivot":{"x":40.824867248535159,"y":43.31988525390625,"z":22.223800659179689},"rotation":{"x":-0.2601076364517212,"y":-0.1350281685590744,"z":0.03676163777709007,"w":-0.9553847908973694},"size":266.0294494628906,"orthographic":false}