{"cameraMode":{"drawMode":0,"name":"Shaded","section":"Shading Mode"},"sceneLighting":false,"audioPlay":false,"sceneViewState":{"showFog":true,"showMaterialUpdate":false,"showSkybox":true,"showFlares":true,"showImageEffects":true,"showParticleSystems":true},"in2DMode":false,"pivot":{"x":5.7246599197387699,"y":63.484397888183597,"z":56.761505126953128},"rotation":{"x":-0.3110944926738739,"y":-0.050721362233161929,"z":0.01662902720272541,"w":-0.9488788843154907},"size":117.62765502929688,"orthographic":false}