{"cameraMode":{"drawMode":0,"name":"Shaded","section":"Shading Mode"},"sceneLighting":false,"audioPlay":false,"sceneViewState":{"showFog":true,"showMaterialUpdate":false,"showSkybox":true,"showFlares":true,"showImageEffects":true,"showParticleSystems":true},"in2DMode":false,"pivot":{"x":16.830961227416993,"y":88.17337036132813,"z":34.016082763671878},"rotation":{"x":-0.22048188745975495,"y":-0.005270787980407476,"z":0.001191069488413632,"w":-0.9753761291503906},"size":313.849365234375,"orthographic":false}