{"cameraMode":{"drawMode":0,"name":"Shaded","section":"Shading Mode"},"sceneLighting":false,"audioPlay":false,"sceneViewState":{"showFog":true,"showMaterialUpdate":false,"showSkybox":true,"showFlares":true,"showImageEffects":true,"showParticleSystems":true},"in2DMode":false,"pivot":{"x":51.092288970947269,"y":80.87165832519531,"z":37.026092529296878},"rotation":{"x":-0.2601076364517212,"y":-0.1350281685590744,"z":0.03676163777709007,"w":-0.9553847908973694},"size":168.70860290527345,"orthographic":false}