{"cameraMode":{"drawMode":0,"name":"Shaded","section":"Shading Mode"},"sceneLighting":false,"audioPlay":false,"sceneViewState":{"showFog":true,"showMaterialUpdate":false,"showSkybox":true,"showFlares":true,"showImageEffects":true,"showParticleSystems":true},"in2DMode":false,"pivot":{"x":0.17567849159240724,"y":1.1466782093048096,"z":-1.7143151760101319},"rotation":{"x":-0.3041229546070099,"y":-0.04085405915975571,"z":0.013055553659796715,"w":-0.9516668319702148},"size":4.0130815505981449,"orthographic":false}