{"cameraMode":{"drawMode":0,"name":"Shaded","section":"Shading Mode"},"sceneLighting":false,"audioPlay":false,"sceneViewState":{"showFog":true,"showMaterialUpdate":false,"showSkybox":true,"showFlares":true,"showImageEffects":true,"showParticleSystems":true},"in2DMode":false,"pivot":{"x":30.064197540283204,"y":66.54342651367188,"z":43.62876892089844},"rotation":{"x":-0.4857994318008423,"y":0.009699015878140927,"z":-0.005391267593950033,"w":-0.8739998936653137},"size":132.13990783691407,"orthographic":false}