{"cameraMode":{"drawMode":0,"name":"Shaded","section":"Shading Mode"},"sceneLighting":false,"audioPlay":false,"sceneViewState":{"showFog":true,"showMaterialUpdate":false,"showSkybox":true,"showFlares":true,"showImageEffects":true,"showParticleSystems":true},"in2DMode":false,"pivot":{"x":-0.38574981689453127,"y":55.75880432128906,"z":41.72388458251953},"rotation":{"x":-0.2601076364517212,"y":-0.1350281685590744,"z":0.03676163777709007,"w":-0.9553847908973694},"size":970.1926879882813,"orthographic":false}