{"cameraMode":{"drawMode":0,"name":"Shaded","section":"Shading Mode"},"sceneLighting":false,"audioPlay":false,"sceneViewState":{"showFog":true,"showMaterialUpdate":false,"showSkybox":true,"showFlares":true,"showImageEffects":true,"showParticleSystems":true},"in2DMode":false,"pivot":{"x":20.58281707763672,"y":42.594051361083987,"z":68.81822204589844},"rotation":{"x":-0.14642544090747834,"y":0.06878645718097687,"z":-0.010207485407590866,"w":-0.9867744445800781},"size":160.9398956298828,"orthographic":false}